cluster,rank,gene,score
1,1,C20orf85,0.23483727800962
1,2,C6orf118,0.233794946542063
1,3,TSPAN19,0.229168985771251
1,4,C1orf194,0.226397910699617
1,5,DNAAF1,0.211665359760241
1,6,SNTN,0.20303553912409
1,7,SOX2,0.199613323423256
1,8,CLIC6,0.161839526594803
1,9,AGR3,0.15362125087079
1,10,CYP4B1,0.100755204591684
1,11,TMC5,0.0897361015852489
1,12,EHF,0.0847246758326653
1,13,SMYD2,0.0684791226605445
1,14,EPCAM,0.0268821544979291
1,15,BASP1,0.025398794948855
2,1,PRF1,0.156279720480621
2,2,CTLA4,0.151927757158425
2,3,GZMA,0.144342355049779
2,4,CD8A,0.139648175845875
2,5,CD2,0.126253406105656
2,6,CD3E,0.118857809543748
2,7,IL7R,0.112665694675575
2,8,CCL5,0.110623345888503
2,9,TRAC,0.103453068862361
2,10,CYTIP,0.0661158209365938
2,11,PTPRC,0.0557089831114514
2,12,CXCR4,0.0537300436481821
3,1,CTSG,0.195535066410946
3,2,SLC18A2,0.172982045134428
3,3,IL1RL1,0.165882889936055
3,4,LGR5,0.160119287654343
3,5,PDGFRA,0.1581495915767
3,6,FBLN1,0.105732224967281
3,7,LTBP2,0.09620107492947
3,8,INMT,0.0928397137672219
3,9,FBN1,0.0852641156200538
3,10,PTGDS,0.067613383162588
3,11,PMP22,0.0577140557538951
3,12,MYLK,0.0414385342685558
4,1,GPX2,0.21534158279992
4,2,ACE2,0.21227307298788
4,3,SFTA2,0.210061899187722
4,4,CYP2A7,0.187779926021111
4,5,CAPN8,0.168962639145772
4,6,KRT7,0.167665559843271
4,7,CFTR,0.16465801688308
4,8,CYP2B6,0.150940558635586
4,9,GPRC5A,0.149234297999127
4,10,EPCAM,0.136961043428951
4,11,MALL,0.129760849106335
4,12,NTN4,0.11275425543812
4,13,TMC5,0.0992429983748521
4,14,EHF,0.0935662879653715
4,15,TCIM,0.0919537391770891
5,1,VSIG4,0.169367064789244
5,2,LILRB2,0.166345645871829
5,3,MARCO,0.156733362941661
5,4,CD163,0.156519964229944
5,5,MRC1,0.139496743180412
5,6,MS4A4A,0.123605323931455
5,7,MS4A6A,0.10784492387675
5,8,AIF1,0.0889680244740947
5,9,PECAM1,0.0272152535084138
5,10,PTPRC,0.0173868573483884
6,1,CD19,0.2149350229591
6,2,TNFRSF13B,0.210275789707581
6,3,BANK1,0.192342065448119
6,4,MS4A1,0.190921377478967
6,5,CD79A,0.179079994908628
6,6,CXCR4,0.0627021578916427
6,7,CYTIP,0.0436475992829881
6,8,PTPRC,0.0376297279147081
6,9,BASP1,0.00467375794464048
7,1,MZB1,0.225274673785763
7,2,DERL3,0.198400125477391
7,3,TNFRSF17,0.197145878773835
7,4,TENT5C,0.14988222666265
7,5,SLAMF7,0.140219933180091
7,6,CD79A,0.118324900703757
7,7,FKBP11,0.116056371590433
7,8,PRDM1,0.0898163643243934
7,9,PECAM1,0.0612737596072452
7,10,CYTIP,0.0371399528774396
7,11,PTGDS,0.0256720610903972
7,12,CXCR4,0.0232932275203941
8,1,CLEC14A,0.216814583733807
8,2,ACKR1,0.214190724016317
8,3,RAMP2,0.211791996987161
8,4,SOX18,0.209583176397628
8,5,ECSCR,0.207774470742329
8,6,ADGRL4,0.206729789707072
8,7,MMRN1,0.195589511369117
8,8,VWF,0.195143381580753
8,9,MMRN2,0.18156440376747
8,10,CD34,0.158624610677752
8,11,CD93,0.144322636641405
8,12,CAVIN1,0.093523371427631
8,13,PECAM1,0.0894800502710358
8,14,TFPI,0.0178078672755129
9,1,DES,0.229985086727586
9,2,CNN1,0.226693061825567
9,3,MYH11,0.208651831153072
9,4,KCNK3,0.156559845647344
9,5,ACTA2,0.153723533306141
9,6,KCNMA1,0.143788893381773
9,7,ADAMTS1,0.109645943146675
9,8,MYLK,0.0795732213080685
9,9,ACTG2,0.0541700009104408
9,10,DST,0.0165569870262846
